{"cameraMode":{"drawMode":0,"name":"Shaded","section":"Shading Mode"},"sceneLighting":true,"audioPlay":false,"sceneViewState":{"showFog":true,"showMaterialUpdate":false,"showSkybox":true,"showFlares":true,"showImageEffects":true,"showParticleSystems":true},"in2DMode":false,"pivot":{"x":-12.340383529663086,"y":-227.6548309326172,"z":-7.350830078125},"rotation":{"x":-0.10211167484521866,"y":0.024473214522004129,"z":-0.002447978826239705,"w":-0.9945358037948608},"size":209.0051727294922,"orthographic":false}